1,SerenitySands Zen Garden,769.93,734
2,StellarSphere Globe,953.56,10
3,EtherealEcho Bluetooth Speaker,962.83,550
4,PhoenixFeather Writing Set,755.28,583
5,SummitStar Climbing Gear,261.25,982
6,WhisperingWind Wind Chimes,495.49,864
7,HorizonHarmony Wind Chime,506.00,229
8,SolarSoothe Sunscreen,793.49,564
9,CelestialCurls Curling Iron,994.61,793
10,CelestialCanvas Canvas Set,704.91,841
11,PolarPlunge Swimming Goggles,248.71,956
12,HorizonHarmony Wind Chime,379.79,106
13,HorizonHarmony Wind Chime,710.94,365
14,StarlightStitch Sewing Kit,647.90,53
15,SerendipitySculpt Sculpture Kit,476.10,654
16,AuroraArt Paint Set,706.51,116
17,SolarSound Speaker System,670.06,86
18,Celestial Sparkle Lip Gloss,741.79,800
19,RadiantRipples Yoga Mat,908.56,803
20,NimbusNourish Facial Mist,446.22,359
21,AuroraBloom Flower Seeds,190.68,408
22,SummitSeeker Hiking Boots,485.91,136
23,NimbusNourish Facial Mist,667.82,799
24,NimbusNourish Facial Mist,219.53,595
25,EmberEssence Oil Diffuser,541.80,348
26,Zenith Zest Body Wash,705.72,550
27,SummitSeeker Hiking Boots,223.27,54
28,SwiftStride Shoe Polish,678.97,804
29,SerendipitySculpt Sculpture Kit,993.39,303
30,Oceanic Breeze Air Freshener,968.83,105
31,EtherealElegance Necklace,512.58,881
32,SpectraSparkle Jewelry Set,422.19,684
33,EmberEmbrace Heating Pad,74.48,767
34,CelestialCurls Curling Iron,822.75,523
35,SpectrumSoul Crystals,535.31,940
36,WholesomeHarvest Granola Bars,499.73,438
37,EmberEmbrace Heating Pad,876.41,499
38,SwiftStride Shoe Polish,34.67,499
39,AstralAroma Essential Oils,780.88,625
40,EarthEssence Bath Bombs,729.06,359
41,LunaLuxe Moon Lamp,142.34,48
42,EtherealElegance Necklace,669.39,954
43,AuroraArt Paint Set,953.47,780
44,Solace Springs Tea,301.28,172
45,SilkSplash Pillowcase Set,171.88,986
46,SwiftStride Shoe Polish,702.80,631
47,EmberElegance Candle Holder,620.64,727
48,Amber Sunset Candle,813.94,971
49,NimbusNook Reading Nook,973.54,180
50,StellarSonic Wireless Earbuds,529.85,963
51,SolitudeSerenade Headband,280.80,415
52,WhisperingWaves Sound Machine,921.10,436
53,NebulaNourish Protein Bars,97.77,42
54,SolarSpire Solar Panels,754.55,418
55,NimbusNourish Facial Mist,210.79,293
56,Zenith Zest Body Wash,602.06,431
57,VelvetVista Scarf Collection,786.76,569
58,EmberEmbrace Heating Pad,399.08,65
59,RadiantRipples Yoga Mat,121.50,50
60,NebulaNourish Protein Bars,413.06,672
61,EtherealEcho Echo Dot,744.37,445
62,WildRoots Hair Oil,223.63,858
63,MoonlitMeadow Bath Salts,938.15,193
64,CelestialCurls Curling Iron,669.48,841
65,ZephyrZen Meditation Cushion,484.38,975
66,RadiantRoots Shampoo,30.67,569
67,SoothingSerenade Music Player,528.32,22
68,MoonlitMeadow Bath Salts,139.71,296
69,SolarSailor Sailboat Model,493.96,792
70,WhisperingWaves Sound Machine,836.44,413
71,SolarSizzle BBQ Grill,651.08,79
72,HorizonHaven Hammock,241.10,165
73,SolarSoothe Sunscreen,849.01,940
74,NimbusNook Reading Nook,590.78,51
75,WholesomeHarvest Granola Bars,39.09,583
76,NimbusNook Reading Nook,261.11,758
77,Evergreen Elixir Tonic,59.93,744
78,Amber Sunset Candle,960.93,607
79,CelestialCurls Curling Iron,627.44,842
80,NimbusNook Reading Nook,175.81,75
81,OceanOasis Beach Towel,699.75,215
82,OceanOasis Beach Towel,389.56,139
83,WhisperingWaves Sound Machine,445.36,295
84,SolsticeSip Cocktail Shaker,419.30,838
85,SunburstSprout Plant Kit,158.52,615
86,CascadeCove Waterfall Fountain,574.34,497
87,WhisperingWhirlwind Fan,31.39,536
88,Celestial Sparkle Lip Gloss,659.68,965
89,MystiqueMystic Crystal Ball,307.72,543
90,MystiqueMystic Crystal Ball,645.02,511
91,DreamDust Sleep Aid,837.77,608
92,RadiantRipples Yoga Mat,961.07,174
93,AstralAroma Essential Oils,825.18,780
94,SolarSpire Solar Panels,431.03,723
95,Quantum Quill Pen,329.41,409
96,MystiqueMosaic Art Kit,250.73,730
97,RadiantRipples Yoga Mat,454.47,737
98,SolarSoothe Sunscreen,779.63,787
99,SolitudeSerenade Headband,582.80,941
100,LuminousLagoon Aquarium Kit,204.33,706
